Workbook

Sheet How to Use
A1: Document 26 — Validation Timing Checklist
A2: How to use this workbook. It is the tick-list for document 25, the Validation Timing Guide: one row for every check at every gate, in build order, and a log for re-validation after the build. Document 25 says why and how; this workbook is where you mark it done.
A4: THE TABS
B6: Gate Summary | C6: One line per gate: how many checks, how many passed, failed or still to go, and the gate’s status. All formulas. Click a gate code to jump to it.
B7: Build Checklist | C7: Ten gates, G0 to G9, and 76 checks in build order. This is the tab you fill in.
B8: Re-validation Log | C8: One row per event after the build — a reload, a measure edit, a changed visual. Pick the Event and the tab tells you what to re-run.
B9: Triggers | C9: The eleven events from document 25 Table 4.1, with what each requires. Reference only; the Re-validation Log reads from it.
A10: RECORDING THE INITIAL BUILD
A12: 1 | B12: Work on the Build Checklist from the top. Do not start a gate’s work until the gate before it reads PASSED on the Gate Summary tab.
A13: 2 | B13: For each row, set Result (Pass, Fail, N/A or Not run), the Date, and Checked by. Put the number you saw in Observed value — “330,080 staged / 330,080 loaded”, not “ok”.
A14: 3 | B14: When a row carries a Suite number, the column beside it says “Yes — check n”. Record that result in document 22 as well, on the Check Results tab, against the same check. Doc 22 is the formal record of the seventeen; this workbook is the working tick-list. The Procedure column on the same row names the step-by-step document for that check in docs/validation/ — open it if you have not run the check before.
A15: 4 | B15: G5 and G8 are the two passes. G5 ends with doc 22 Run 1 reading INCOMPLETE — 5 not recorded; G8 ends with it reading PASS. Both are rows here, so the checklist cannot be completed while doc 22 disagrees.
A16: 5 | B16: A Fail stops the gate. The Gate Summary reads BLOCKED until the row is fixed and re-recorded as Pass. Log the failure on the doc 22 Failure Log as well.
A17: WHAT THE GATE STATUS MEANS
B19: PASSED | C19: Every row in the gate is Pass or N/A. Start the next gate.
B20: OPEN — n to go | C20: Rows still at Not run or blank. The number is how many.
B21: BLOCKED | C21: At least one row is Fail. Nothing downstream of this gate should be built on it.
B22: All: COMPLETE | C22: The bottom summary line: every row in every gate is Pass or N/A. The initial build is validated.
A23: AFTER THE BUILD
A25: 1 | B25: When one of the Triggers happens, add a row to the Re-validation Log with the date and the Event.
A26: 2 | B26: What to re-run and the Doc 22 Trigger fill themselves in. Run those checks, then record the Result — and the Run ID if you started a new run in document 22.
A27: 3 | B27: Something not on the list? Type it in Event anyway; What to re-run reads “not a listed event”. Add it to the Triggers tab if it will happen again.
A28: RULES
A30: • | B30: N/A needs a reason in Observed value / notes. Skipped is not N/A — leave it as Not run.
A31: • | B31: To add a check, insert a row inside the gate on the Build Checklist and set its Gate code in column A. The Gate Summary counts it automatically — rows up to 600 are covered.
A32: • | B32: Do not type on the Gate Summary tab, or over the formula columns: Also record in doc 22 on the Build Checklist, and What to re-run and Doc 22 Trigger on the Re-validation Log.
A33: WHERE THIS COMES FROM
B35: Document 25 | C35: Validation Timing Guide — every gate, check and trigger on these tabs is taken from it.
B36: Document 22 | C36: Validation and QA Results — the formal record of the seventeen suite checks.
B37: Document 21 | C37: Development Checklist — the build tasks. Its phases map to the gates: G0 = Phases 0–1, G1 = 2, G2 = 3, G3 = 4, G4 = 5, G5 = 6, G6 = 7, G7 and G8 = 8, G9 = 9.
B38: docs/validation/ | C38: One step-by-step procedure per suite check, V01 to V17, in .docx and .xlsx. The Procedure column on the Build Checklist names the one that covers each row.

Sheet Gate Summary
A1: Gate Summary — the initial build, gate by gate
A2: Every figure here is a formula counting the Result column on the Build Checklist tab. Do not type on this tab. A gate is PASSED when all its rows are Pass or N/A; start the next gate only then.
A4: Gate | B4: Name | C4: Run it | D4: Checks | E4: Pass | F4: Fail | G4: N/A | H4: Not yet | I4: Gate status | J4: Doc 25
A5: G0 | B5: Repository and environment | C5: Before any build step | D5: =COUNTIF('Build Checklist'!$A$5:$A$600,$A5) | E5: =COUNTIFS('Build Checklist'!$A$5:$A$600,$A5,'Build Checklist'!$H$5:$H$600,"Pass") | F5: =COUNTIFS('Build Checklist'!$A$5:$A$600,$A5,'Build Checklist'!$H$5:$H$600,"Fail") | G5: =COUNTIFS('Build Checklist'!$A$5:$A$600,$A5,'Build Checklist'!$H$5:$H$600,"N/A") | H5: =$D5-$E5-$F5-$G5 | I5: =IF($D5=0,"",IF($F5>0,"BLOCKED",IF($H5=0,"PASSED","OPEN — "&$H5&" to go"))) | J5: §3.1
A6: G1 | B6: Warehouse | C6: After each SQL script, before the next | D6: =COUNTIF('Build Checklist'!$A$5:$A$600,$A6) | E6: =COUNTIFS('Build Checklist'!$A$5:$A$600,$A6,'Build Checklist'!$H$5:$H$600,"Pass") | F6: =COUNTIFS('Build Checklist'!$A$5:$A$600,$A6,'Build Checklist'!$H$5:$H$600,"Fail") | G6: =COUNTIFS('Build Checklist'!$A$5:$A$600,$A6,'Build Checklist'!$H$5:$H$600,"N/A") | H6: =$D6-$E6-$F6-$G6 | I6: =IF($D6=0,"",IF($F6>0,"BLOCKED",IF($H6=0,"PASSED","OPEN — "&$H6&" to go"))) | J6: §3.2
A7: G2 | B7: Power Query sources | C7: After each source query | D7: =COUNTIF('Build Checklist'!$A$5:$A$600,$A7) | E7: =COUNTIFS('Build Checklist'!$A$5:$A$600,$A7,'Build Checklist'!$H$5:$H$600,"Pass") | F7: =COUNTIFS('Build Checklist'!$A$5:$A$600,$A7,'Build Checklist'!$H$5:$H$600,"Fail") | G7: =COUNTIFS('Build Checklist'!$A$5:$A$600,$A7,'Build Checklist'!$H$5:$H$600,"N/A") | H7: =$D7-$E7-$F7-$G7 | I7: =IF($D7=0,"",IF($F7>0,"BLOCKED",IF($H7=0,"PASSED","OPEN — "&$H7&" to go"))) | J7: §3.3
A8: G3 | B8: Model structure | C8: After relationships and configuration, before any measure | D8: =COUNTIF('Build Checklist'!$A$5:$A$600,$A8) | E8: =COUNTIFS('Build Checklist'!$A$5:$A$600,$A8,'Build Checklist'!$H$5:$H$600,"Pass") | F8: =COUNTIFS('Build Checklist'!$A$5:$A$600,$A8,'Build Checklist'!$H$5:$H$600,"Fail") | G8: =COUNTIFS('Build Checklist'!$A$5:$A$600,$A8,'Build Checklist'!$H$5:$H$600,"N/A") | H8: =$D8-$E8-$F8-$G8 | I8: =IF($D8=0,"",IF($F8>0,"BLOCKED",IF($H8=0,"PASSED","OPEN — "&$H8&" to go"))) | J8: §3.4
A9: G4 | B9: Measures | C9: As each measure folder closes | D9: =COUNTIF('Build Checklist'!$A$5:$A$600,$A9) | E9: =COUNTIFS('Build Checklist'!$A$5:$A$600,$A9,'Build Checklist'!$H$5:$H$600,"Pass") | F9: =COUNTIFS('Build Checklist'!$A$5:$A$600,$A9,'Build Checklist'!$H$5:$H$600,"Fail") | G9: =COUNTIFS('Build Checklist'!$A$5:$A$600,$A9,'Build Checklist'!$H$5:$H$600,"N/A") | H9: =$D9-$E9-$F9-$G9 | I9: =IF($D9=0,"",IF($F9>0,"BLOCKED",IF($H9=0,"PASSED","OPEN — "&$H9&" to go"))) | J9: §3.5
A10: G5 | B10: MODEL PASS | C10: Before publishing the model | D10: =COUNTIF('Build Checklist'!$A$5:$A$600,$A10) | E10: =COUNTIFS('Build Checklist'!$A$5:$A$600,$A10,'Build Checklist'!$H$5:$H$600,"Pass") | F10: =COUNTIFS('Build Checklist'!$A$5:$A$600,$A10,'Build Checklist'!$H$5:$H$600,"Fail") | G10: =COUNTIFS('Build Checklist'!$A$5:$A$600,$A10,'Build Checklist'!$H$5:$H$600,"N/A") | H10: =$D10-$E10-$F10-$G10 | I10: =IF($D10=0,"",IF($F10>0,"BLOCKED",IF($H10=0,"PASSED","OPEN — "&$H10&" to go"))) | J10: §3.6
A11: G6 | B11: Publish and bind | C11: After publishing the model | D11: =COUNTIF('Build Checklist'!$A$5:$A$600,$A11) | E11: =COUNTIFS('Build Checklist'!$A$5:$A$600,$A11,'Build Checklist'!$H$5:$H$600,"Pass") | F11: =COUNTIFS('Build Checklist'!$A$5:$A$600,$A11,'Build Checklist'!$H$5:$H$600,"Fail") | G11: =COUNTIFS('Build Checklist'!$A$5:$A$600,$A11,'Build Checklist'!$H$5:$H$600,"N/A") | H11: =$D11-$E11-$F11-$G11 | I11: =IF($D11=0,"",IF($F11>0,"BLOCKED",IF($H11=0,"PASSED","OPEN — "&$H11&" to go"))) | J11: §3.7
A12: G7 | B12: Report build | C12: As each report page is finished | D12: =COUNTIF('Build Checklist'!$A$5:$A$600,$A12) | E12: =COUNTIFS('Build Checklist'!$A$5:$A$600,$A12,'Build Checklist'!$H$5:$H$600,"Pass") | F12: =COUNTIFS('Build Checklist'!$A$5:$A$600,$A12,'Build Checklist'!$H$5:$H$600,"Fail") | G12: =COUNTIFS('Build Checklist'!$A$5:$A$600,$A12,'Build Checklist'!$H$5:$H$600,"N/A") | H12: =$D12-$E12-$F12-$G12 | I12: =IF($D12=0,"",IF($F12>0,"BLOCKED",IF($H12=0,"PASSED","OPEN — "&$H12&" to go"))) | J12: §3.8
A13: G8 | B13: REPORT PASS | C13: Before publishing each report | D13: =COUNTIF('Build Checklist'!$A$5:$A$600,$A13) | E13: =COUNTIFS('Build Checklist'!$A$5:$A$600,$A13,'Build Checklist'!$H$5:$H$600,"Pass") | F13: =COUNTIFS('Build Checklist'!$A$5:$A$600,$A13,'Build Checklist'!$H$5:$H$600,"Fail") | G13: =COUNTIFS('Build Checklist'!$A$5:$A$600,$A13,'Build Checklist'!$H$5:$H$600,"N/A") | H13: =$D13-$E13-$F13-$G13 | I13: =IF($D13=0,"",IF($F13>0,"BLOCKED",IF($H13=0,"PASSED","OPEN — "&$H13&" to go"))) | J13: §3.9
A14: G9 | B14: Packaging | C14: Before the final push | D14: =COUNTIF('Build Checklist'!$A$5:$A$600,$A14) | E14: =COUNTIFS('Build Checklist'!$A$5:$A$600,$A14,'Build Checklist'!$H$5:$H$600,"Pass") | F14: =COUNTIFS('Build Checklist'!$A$5:$A$600,$A14,'Build Checklist'!$H$5:$H$600,"Fail") | G14: =COUNTIFS('Build Checklist'!$A$5:$A$600,$A14,'Build Checklist'!$H$5:$H$600,"N/A") | H14: =$D14-$E14-$F14-$G14 | I14: =IF($D14=0,"",IF($F14>0,"BLOCKED",IF($H14=0,"PASSED","OPEN — "&$H14&" to go"))) | J14: §3.10
A15: All | B15: Initial build | D15: =SUM(D5:D14) | E15: =SUM(E5:E14) | F15: =SUM(F5:F14) | G15: =SUM(G5:G14) | H15: =SUM(H5:H14) | I15: =IF($F15>0,"BLOCKED — "&$F15&" failing",IF($H15=0,"COMPLETE",TEXT(($E15+$G15)/$D15,"0%")&" done"))

Sheet Build Checklist
A1: Build Checklist — every check at every gate, in build order
A2: The recording companion to document 25. Work down the gates in order and set Result on every row; the Gate Summary tab counts itself from this column. A row with a Suite number is also recorded in document 22 against the same check. A gate is PASSED when every row is Pass or N/A. The Procedure column names the step-by-step document for that check in docs/validation/ — one file per check, V01 to V17.
A4: Gate | B4: Ref | C4: Check | D4: Pass when | E4: Where | F4: Suite # | G4: Also record in doc 22 | H4: Result | I4: Date | J4: Checked by | K4: Observed value / notes | L4: Procedure
A5: G0 — REPOSITORY AND ENVIRONMENT · Before any build step · doc 25 §3.1
A6: G0 | B6: G0.01 | C6: .gitignore committed before the first file | D6: The first commit already contains .gitignore | E6: Doc 00 §4.3 | G6: =IF($F6="","",IF(ISNUMBER(SEARCH(",",$F6)),"Yes — checks ","Yes — check ")&$F6) | H6: Not run
A7: G0 | B7: G0.02 | C7: Clone in place | D7: git status runs from X:\retail-sector-health with a clean working tree | E7: Doc 00 §5 | G7: =IF($F7="","",IF(ISNUMBER(SEARCH(",",$F7)),"Yes — checks ","Yes — check ")&$F7) | H7: Not run
A8: G0 | B8: G0.03 | C8: Environment matches the verified build | D8: SSMS 22 connects to BRUNO\MSSQLSERVER01; versions match doc 02 Table 2.1 | E8: Doc 02 §2.1 | G8: =IF($F8="","",IF(ISNUMBER(SEARCH(",",$F8)),"Yes — checks ","Yes — check ")&$F8) | H8: Not run
A9: G1 — WAREHOUSE · After each SQL script, before the next · doc 25 §3.2
A10: G1 | B10: G1.01 | C10: sql/01 create database | D10: sys.schemas returns stg and dw | E10: sql/01 header | G10: =IF($F10="","",IF(ISNUMBER(SEARCH(",",$F10)),"Yes — checks ","Yes — check ")&$F10) | H10: Not run
A11: G1 | B11: G1.02 | C11: sql/02 staging table | D11: Final SELECT returns approximately 330,080 rows | E11: sql/02 header | G11: =IF($F11="","",IF(ISNUMBER(SEARCH(",",$F11)),"Yes — checks ","Yes — check ")&$F11) | H11: Not run
A12: G1 | B12: G1.03 | C12: sql/03 profiling queries | D12: Five result sets read and noted in doc 21 | E12: sql/03 header; doc 02 §5.5 | G12: =IF($F12="","",IF(ISNUMBER(SEARCH(",",$F12)),"Yes — checks ","Yes — check ")&$F12) | H12: Not run
A13: G1 | B13: G1.04 | C13: sql/04 dimensions | D13: Each dimension has rows and no duplicate business key | E13: sql/04 header | G13: =IF($F13="","",IF(ISNUMBER(SEARCH(",",$F13)),"Yes — checks ","Yes — check ")&$F13) | H13: Not run
A14: G1 | B14: G1.05 | C14: sql/05 fact and load procedure | D14: Staged-versus-loaded reconciliation shows no unexplained gap | E14: sql/05 header | F14: 1 | G14: =IF($F14="","",IF(ISNUMBER(SEARCH(",",$F14)),"Yes — checks ","Yes — check ")&$F14) | H14: Not run | L14: V01
A15: G1 | B15: G1.06 | C15: sql/06 item lifecycle | D15: No NULL lifecycle column for an item with movement; MAX(LastSeenDateKey) = MAX(DateKey) | E15: sql/06 header; doc 25 §3.2 | F15: 12 | G15: =IF($F15="","",IF(ISNUMBER(SEARCH(",",$F15)),"Yes — checks ","Yes — check ")&$F15) | H15: Not run | L15: V12
A16: G1 | B16: G1.07 | C16: sql/07 indexes | D16: sys.indexes shows the columnstore index on dw.FactItemMovement | E16: sql/07 header | G16: =IF($F16="","",IF(ISNUMBER(SEARCH(",",$F16)),"Yes — checks ","Yes — check ")&$F16) | H16: Not run
A17: G1 | B17: G1.08 | C17: sql/08 presentation views | D17: SELECT TOP 10 * FROM dw.vw_ItemMovement returns resolved attributes | E17: sql/08 header | G17: =IF($F17="","",IF(ISNUMBER(SEARCH(",",$F17)),"Yes — checks ","Yes — check ")&$F17) | H17: Not run
A18: G2 — POWER QUERY SOURCES · After each source query · doc 25 §3.3
A19: G2 | B19: G2.01 | C19: Discovery query, run once | D19: Returned codes reconcile with doc 02 Table 3.1; load then disabled | E19: Doc 02 §3.4 | G19: =IF($F19="","",IF(ISNUMBER(SEARCH(",",$F19)),"Yes — checks ","Yes — check ")&$F19) | H19: Not run
A20: G2 | B20: G2.02 | C20: FactSectorSales | D20: One row per month for 44X72 from pStartPeriod through the latest month Census has published, no gap | E20: Doc 02 §3.5 | F20: 2 | G20: =IF($F20="","",IF(ISNUMBER(SEARCH(",",$F20)),"Yes — checks ","Yes — check ")&$F20) | H20: Not run | L20: V02
A21: G2 | B21: G2.03 | C21: FactMacro | D21: Nine SeriesId values, each with a monthly series | E21: Doc 02 §4.3 | G21: =IF($F21="","",IF(ISNUMBER(SEARCH(",",$F21)),"Yes — checks ","Yes — check ")&$F21) | H21: Not run
A22: G2 | B22: G2.04 | C22: DimCategory | D22: Referential coverage query returns zero rows | E22: Doc 02 §6.5 | F22: 5 | G22: =IF($F22="","",IF(ISNUMBER(SEARCH(",",$F22)),"Yes — checks ","Yes — check ")&$F22) | H22: Not run | L22: V05
A23: G2 | B23: G2.05 | C23: DimItem merge | D23: No blank BeverageClass; unmatched types show as Unmapped | E23: Doc 02 §6.3 | G23: =IF($F23="","",IF(ISNUMBER(SEARCH(",",$F23)),"Yes — checks ","Yes — check ")&$F23) | H23: Not run
A24: G2 | B24: G2.06 | C24: Every query | D24: No key= literal; pCensusKey and pRefMappingsPath used only as parameters | E24: Doc 02 §3.1, §6.1 | G24: =IF($F24="","",IF(ISNUMBER(SEARCH(",",$F24)),"Yes — checks ","Yes — check ")&$F24) | H24: Not run
A25: G3 — MODEL STRUCTURE · After relationships and configuration, before any measure · doc 25 §3.4
A26: G3 | B26: G3.01 | C26: Auto-detected relationships removed | D26: Only the seven relationships of doc 02 §7.2 exist | E26: Doc 02 §7 | G26: =IF($F26="","",IF(ISNUMBER(SEARCH(",",$F26)),"Yes — checks ","Yes — check ")&$F26) | H26: Not run
A27: G3 | B27: G3.02 | C27: Model view against Figure 7.1 | D27: Seven lines, all one-to-many, single-direction, on the right columns | E27: Doc 02 Figure 7.1 | G27: =IF($F27="","",IF(ISNUMBER(SEARCH(",",$F27)),"Yes — checks ","Yes — check ")&$F27) | H27: Not run
A28: G3 | B28: G3.03 | C28: Date relationship integrity | D28: No blank DimDate row — DAX query returns 0 | E28: Doc 25 §3.4 | F28: 6 | G28: =IF($F28="","",IF(ISNUMBER(SEARCH(",",$F28)),"Yes — checks ","Yes — check ")&$F28) | H28: Not run | L28: V06
A29: G3 | B29: G3.04 | C29: Model configuration | D29: Date table marked; sort-by columns set; keys hidden; Do Not Summarize | E29: Doc 02 §7.3 | G29: =IF($F29="","",IF(ISNUMBER(SEARCH(",",$F29)),"Yes — checks ","Yes — check ")&$F29) | H29: Not run
A30: G4 — MEASURES · As each measure folder closes · doc 25 §3.5
A31: G4 | B31: G4.01 | C31: Folder 01 Macro closes | D31: CPI Index for a known month matches FRED CPIAUCSL | E31: Doc 02 Table 8.2; doc 25 §3.5 | G31: =IF($F31="","",IF(ISNUMBER(SEARCH(",",$F31)),"Yes — checks ","Yes — check ")&$F31) | H31: Not run
A32: G4 | B32: G4.02 | C32: Folder 02 Sector closes | D32: Census 452 matches FRED MRTSSM452USS within rounding; category gaps recorded | E32: Doc 02 Table 8.2; doc 25 §3.5 | F32: 3, 4 | G32: =IF($F32="","",IF(ISNUMBER(SEARCH(",",$F32)),"Yes — checks ","Yes — check ")&$F32) | H32: Not run | L32: V03, V04
A33: G4 | B33: G4.03 | C33: Folder 03 Micro closes | D33: Total Cases equals SUM(TotalMovement) in SQL; Return Rows non-zero | E33: Doc 02 Table 8.2; doc 25 §3.5 | F33: 11 | G33: =IF($F33="","",IF(ISNUMBER(SEARCH(",",$F33)),"Yes — checks ","Yes — check ")&$F33) | H33: Not run | L33: V11
A34: G4 | B34: G4.04 | C34: Folder 04 Cross-Tier closes | D34: National Liquor Stores Real Sales moves with RRSFS | E34: Doc 02 Table 8.2 | G34: =IF($F34="","",IF(ISNUMBER(SEARCH(",",$F34)),"Yes — checks ","Yes — check ")&$F34) | H34: Not run
A35: G4 | B35: G4.05 | C35: Folder 05 Channel closes | D35: 2019 baseline query returns no rows for any class, type and year; national series direction recorded | E35: Doc 02 Table 8.2; doc 25 §3.5 | F35: 9, 10 | G35: =IF($F35="","",IF(ISNUMBER(SEARCH(",",$F35)),"Yes — checks ","Yes — check ")&$F35) | H35: Not run | L35: V09, V10
A36: G4 | B36: G4.06 | C36: Folder 06 Elasticity closes | D36: Observation Count non-zero and plausible | E36: Doc 02 Table 8.2; doc 25 §3.5 | G36: =IF($F36="","",IF(ISNUMBER(SEARCH(",",$F36)),"Yes — checks ","Yes — check ")&$F36) | H36: Not run
A37: G4 | B37: G4.07 | C37: Folder 07 Rotation closes | D37: Rate Sensitivity Beta negative for 441, 442 and 444 | E37: Doc 02 Table 8.2; doc 25 §3.5 | G37: =IF($F37="","",IF(ISNUMBER(SEARCH(",",$F37)),"Yes — checks ","Yes — check ")&$F37) | H37: Not run
A38: G4 | B38: G4.08 | C38: Folder 08 Assortment closes | D38: Cohort Size by year sums to the DimItem row count; Cumulative Cases % is exactly 1 at the lowest rank | E38: Doc 02 Table 8.2; doc 25 §3.5 | F38: 13, 14 | G38: =IF($F38="","",IF(ISNUMBER(SEARCH(",",$F38)),"Yes — checks ","Yes — check ")&$F38) | H38: Not run | L38: V13, V14
A39: G4 | B39: G4.09 | C39: Folder 09 Supplier closes | D39: Supplier HHI between 0 and 10,000 | E39: Doc 02 Table 8.2; doc 25 §3.5 | G39: =IF($F39="","",IF(ISNUMBER(SEARCH(",",$F39)),"Yes — checks ","Yes — check ")&$F39) | H39: Not run
A40: G4 | B40: G4.10 | C40: Folder 10 Seasonality closes | D40: The twelve seasonal factors average approximately 1.00 | E40: Doc 02 Table 8.2; doc 25 §3.5 | G40: =IF($F40="","",IF(ISNUMBER(SEARCH(",",$F40)),"Yes — checks ","Yes — check ")&$F40) | H40: Not run
A41: G5 — MODEL PASS · Before publishing the model · doc 25 §3.6
A42: G5 | B42: G5.01 | C42: Check 1 — final run on the finished model | D42: Staged versus loaded: zero difference or every dropped row explained | E42: Doc 02 §9; doc 22 Check Catalog | F42: 1 | G42: =IF($F42="","",IF(ISNUMBER(SEARCH(",",$F42)),"Yes — checks ","Yes — check ")&$F42) | H42: Not run | L42: V01
A43: G5 | B43: G5.02 | C43: Check 2 — final run on the finished model | D43: No gap in the 44X72 monthly sequence | E43: Doc 02 §9; doc 22 Check Catalog | F43: 2 | G43: =IF($F43="","",IF(ISNUMBER(SEARCH(",",$F43)),"Yes — checks ","Yes — check ")&$F43) | H43: Not run | L43: V02
A44: G5 | B44: G5.03 | C44: Check 3 — final run on the finished model | D44: Category gaps to 44X72 recorded with their reason | E44: Doc 02 §9; doc 22 Check Catalog | F44: 3 | G44: =IF($F44="","",IF(ISNUMBER(SEARCH(",",$F44)),"Yes — checks ","Yes — check ")&$F44) | H44: Not run | L44: V03
A45: G5 | B45: G5.04 | C45: Check 4 — final run on the finished model | D45: Census 452 within rounding of FRED MRTSSM452USS | E45: Doc 02 §9; doc 22 Check Catalog | F45: 4 | G45: =IF($F45="","",IF(ISNUMBER(SEARCH(",",$F45)),"Yes — checks ","Yes — check ")&$F45) | H45: Not run | L45: V04
A46: G5 | B46: G5.05 | C46: Check 5 — final run on the finished model | D46: Coverage query returns zero rows | E46: Doc 02 §9; doc 22 Check Catalog | F46: 5 | G46: =IF($F46="","",IF(ISNUMBER(SEARCH(",",$F46)),"Yes — checks ","Yes — check ")&$F46) | H46: Not run | L46: V05
A47: G5 | B47: G5.06 | C47: Check 6 — final run on the finished model | D47: No blank row in DimDate | E47: Doc 02 §9; doc 22 Check Catalog | F47: 6 | G47: =IF($F47="","",IF(ISNUMBER(SEARCH(",",$F47)),"Yes — checks ","Yes — check ")&$F47) | H47: Not run | L47: V06
A48: G5 | B48: G5.07 | C48: Check 9 — final run on the finished model | D48: 2019 baselines return a value for every class, type and year (V09 Parts 1 and 3) | E48: Doc 02 §9; doc 22 Check Catalog | F48: 9 | G48: =IF($F48="","",IF(ISNUMBER(SEARCH(",",$F48)),"Yes — checks ","Yes — check ")&$F48) | H48: Not run | L48: V09
A49: G5 | B49: G5.08 | C49: Check 10 — final run on the finished model | D49: National series move with the local on-premise collapse; direction and months recorded | E49: Doc 02 §9; doc 22 Check Catalog | F49: 10 | G49: =IF($F49="","",IF(ISNUMBER(SEARCH(",",$F49)),"Yes — checks ","Yes — check ")&$F49) | H49: Not run | L49: V10
A50: G5 | B50: G5.09 | C50: Check 11 — final run on the finished model | D50: Return Rows non-zero | E50: Doc 02 §9; doc 22 Check Catalog | F50: 11 | G50: =IF($F50="","",IF(ISNUMBER(SEARCH(",",$F50)),"Yes — checks ","Yes — check ")&$F50) | H50: Not run | L50: V11
A51: G5 | B51: G5.10 | C51: Check 12 — final run on the finished model | D51: MAX(LastSeenDateKey) equals MAX(DateKey) | E51: Doc 02 §9; doc 22 Check Catalog | F51: 12 | G51: =IF($F51="","",IF(ISNUMBER(SEARCH(",",$F51)),"Yes — checks ","Yes — check ")&$F51) | H51: Not run | L51: V12
A52: G5 | B52: G5.11 | C52: Check 13 — final run on the finished model | D52: Cohort Size summed across CohortYear equals the DimItem row count | E52: Doc 02 §9; doc 22 Check Catalog | F52: 13 | G52: =IF($F52="","",IF(ISNUMBER(SEARCH(",",$F52)),"Yes — checks ","Yes — check ")&$F52) | H52: Not run | L52: V13
A53: G5 | B53: G5.12 | C53: Check 14 — final run on the finished model | D53: Cumulative Cases % is exactly 100% at the lowest rank, unfiltered and under each year and item type | E53: Doc 02 §9; doc 22 Check Catalog | F53: 14 | G53: =IF($F53="","",IF(ISNUMBER(SEARCH(",",$F53)),"Yes — checks ","Yes — check ")&$F53) | H53: Not run | L53: V14
A54: G5 | B54: G5.13 | C54: Doc 22 Run 1 Outcome | D54: Reads INCOMPLETE — 5 not recorded, with zero Blocking failures (an Advisory failure adds “· n Advisory failing”) | E54: Doc 22 Run Summary | G54: =IF($F54="","",IF(ISNUMBER(SEARCH(",",$F54)),"Yes — checks ","Yes — check ")&$F54) | H54: Not run
A55: G6 — PUBLISH AND BIND · After publishing the model · doc 25 §3.7
A56: G6 | B56: G6.01 | C56: First refresh in the Service | D56: All four sources refresh: SQL Server and RefMappings.xlsx through the gateway, FRED and Census without it | E56: Doc 02 §10 | G56: =IF($F56="","",IF(ISNUMBER(SEARCH(",",$F56)),"Yes — checks ","Yes — check ")&$F56) | H56: Not run
A57: G6 | B57: G6.02 | C57: Refresh schedule | D57: Set on the semantic model, twice weekly | E57: Doc 02 §10 | G57: =IF($F57="","",IF(ISNUMBER(SEARCH(",",$F57)),"Yes — checks ","Yes — check ")&$F57) | H57: Not run
A58: G6 | B58: G6.03 | C58: R1 file created | D58: Live-connection indicator shown; Fields pane read-only | E58: Doc 02 §10 step 8 | F58: 17 | G58: =IF($F58="","",IF(ISNUMBER(SEARCH(",",$F58)),"Yes — checks ","Yes — check ")&$F58) | H58: Not run | L58: V17
A59: G6 | B59: G6.04 | C59: R2 file created | D59: Live-connection indicator shown; Fields pane read-only | E59: Doc 02 §10 step 8 | F59: 17 | G59: =IF($F59="","",IF(ISNUMBER(SEARCH(",",$F59)),"Yes — checks ","Yes — check ")&$F59) | H59: Not run | L59: V17
A60: G6 | B60: G6.05 | C60: R3 file created | D60: Live-connection indicator shown; Fields pane read-only | E60: Doc 02 §10 step 8 | F60: 17 | G60: =IF($F60="","",IF(ISNUMBER(SEARCH(",",$F60)),"Yes — checks ","Yes — check ")&$F60) | H60: Not run | L60: V17
A61: G7 — REPORT BUILD · As each report page is finished · doc 25 §3.8
A62: G7 | B62: G7.01 | C62: R1 theme applied and verified | D62: Three theme checks pass before the first visual | E62: Doc 15 §3.3 | G62: =IF($F62="","",IF(ISNUMBER(SEARCH(",",$F62)),"Yes — checks ","Yes — check ")&$F62) | H62: Not run
A63: G7 | B63: G7.02 | C63: R1 Page 1 finished | D63: Multi-measure visuals 1.5, 1.6, 1.7 and narrative 1.8 checked | E63: Doc 25 Table 3.7 | F63: 7, 8 | G63: =IF($F63="","",IF(ISNUMBER(SEARCH(",",$F63)),"Yes — checks ","Yes — check ")&$F63) | H63: Not run | L63: V07, V08
A64: G7 | B64: G7.03 | C64: R1 Page 2 finished | D64: Dollar series only — built to spec | E64: Doc 25 Table 3.7 | G64: =IF($F64="","",IF(ISNUMBER(SEARCH(",",$F64)),"Yes — checks ","Yes — check ")&$F64) | H64: Not run
A65: G7 | B65: G7.04 | C65: R1 Page 3 finished | D65: Multi-measure, case and difference visuals, baselines, Return Rows card and national-series narrative checked | E65: Doc 25 Table 3.7 | F65: 7, 8, 9, 10, 11 | G65: =IF($F65="","",IF(ISNUMBER(SEARCH(",",$F65)),"Yes — checks ","Yes — check ")&$F65) | H65: Not run | L65: V07, V08, V09, V10, V11
A66: G7 | B66: G7.05 | C66: R2 theme applied and verified | D66: Three theme checks pass before the first visual | E66: Doc 15 §3.3 | G66: =IF($F66="","",IF(ISNUMBER(SEARCH(",",$F66)),"Yes — checks ","Yes — check ")&$F66) | H66: Not run
A67: G7 | B67: G7.06 | C67: R2 Page 1 finished | D67: Dual axis, case visuals, slopes with Observation Count checked | E67: Doc 25 Table 3.7 | F67: 7, 8, 15 | G67: =IF($F67="","",IF(ISNUMBER(SEARCH(",",$F67)),"Yes — checks ","Yes — check ")&$F67) | H67: Not run | L67: V07, V08, V15
A68: G7 | B68: G7.07 | C68: R2 Page 2 finished | D68: Dual axis, case visuals, item-type 2019 baselines 5.3, 5.6, 5.8 checked | E68: Doc 25 Table 3.7 | F68: 7, 8, 9 | G68: =IF($F68="","",IF(ISNUMBER(SEARCH(",",$F68)),"Yes — checks ","Yes — check ")&$F68) | H68: Not run | L68: V07, V08, V09
A69: G7 | B69: G7.08 | C69: R2 Page 3 finished | D69: Share Transfer 6.6 on one axis; slope visuals 6.8 and 6.9 carry Observation Count | E69: Doc 25 Table 3.7 | F69: 7, 15 | G69: =IF($F69="","",IF(ISNUMBER(SEARCH(",",$F69)),"Yes — checks ","Yes — check ")&$F69) | H69: Not run | L69: V07, V15
A70: G7 | B70: G7.09 | C70: R3 theme applied and verified | D70: Three theme checks pass before the first visual | E70: Doc 15 §3.3 | G70: =IF($F70="","",IF(ISNUMBER(SEARCH(",",$F70)),"Yes — checks ","Yes — check ")&$F70) | H70: Not run
A71: G7 | B71: G7.10 | C71: R3 Page 1 finished | D71: Dual axis, case and item-count visuals, Pareto reaches exactly 100% | E71: Doc 25 Table 3.7 | F71: 7, 8, 14 | G71: =IF($F71="","",IF(ISNUMBER(SEARCH(",",$F71)),"Yes — checks ","Yes — check ")&$F71) | H71: Not run | L71: V07, V08, V14
A72: G7 | B72: G7.11 | C72: R3 Page 2 finished | D72: 2017 cohort excluded or labelled on every visual 8.2–8.8; 8.6 on one axis; no dollar measure | E72: Doc 25 Table 3.7 | F72: 7, 8, 16 | G72: =IF($F72="","",IF(ISNUMBER(SEARCH(",",$F72)),"Yes — checks ","Yes — check ")&$F72) | H72: Not run | L72: V07, V08, V16
A73: G7 | B73: G7.12 | C73: R3 Page 3 finished | D73: Dual axis and case visuals 9.1–9.8 checked | E73: Doc 25 Table 3.7 | F73: 7, 8 | G73: =IF($F73="","",IF(ISNUMBER(SEARCH(",",$F73)),"Yes — checks ","Yes — check ")&$F73) | H73: Not run | L73: V07, V08
A74: G7 | B74: G7.13 | C74: R3 Page 4 finished | D74: Adjusted vs Raw on one axis; case visuals 10.1–10.8 and method note checked | E74: Doc 25 Table 3.7 | F74: 7, 8 | G74: =IF($F74="","",IF(ISNUMBER(SEARCH(",",$F74)),"Yes — checks ","Yes — check ")&$F74) | H74: Not run | L74: V07, V08
A75: G7 | B75: G7.14 | C75: Drillthrough page built | D75: Item Detail page carries cases only — no dollar measure | E75: Doc 15 §8.3 | F75: 8 | G75: =IF($F75="","",IF(ISNUMBER(SEARCH(",",$F75)),"Yes — checks ","Yes — check ")&$F75) | H75: Not run | L75: V08
A76: G7 | B76: G7.15 | C76: Tooltip page built and assigned | D76: Tooltip page shows cases only and is used on no dollar visual | E76: Doc 15 §8.4 | F76: 8 | G76: =IF($F76="","",IF(ISNUMBER(SEARCH(",",$F76)),"Yes — checks ","Yes — check ")&$F76) | H76: Not run | L76: V08
A77: G7 | B77: G7.16 | C77: Cross-report wiring | D77: Date slicer synced on every page, other slicers unsynced; Reset bookmark and button on every page; drillthrough from 3.6 opens Item Detail filtered | E77: Doc 15 §8 | G77: =IF($F77="","",IF(ISNUMBER(SEARCH(",",$F77)),"Yes — checks ","Yes — check ")&$F77) | H77: Not run
A78: G7 | B78: G7.17 | C78: Accessibility pass | D78: Alt text, tab order, no meaning by colour alone, 4.5:1 text contrast, descriptive titles — on every page of each report | E78: Doc 15 §9 | G78: =IF($F78="","",IF(ISNUMBER(SEARCH(",",$F78)),"Yes — checks ","Yes — check ")&$F78) | H78: Not run
A79: G8 — REPORT PASS · Before publishing each report · doc 25 §3.9
A80: G8 | B80: G8.01 | C80: R1 report pass | D80: Checks 7, 8 and 17 recorded for R1 in doc 22 Reports covered; 9, 10 and 11 updated from Page 3 | E80: Doc 15 §10 | F80: 7, 8, 9, 10, 11, 17 | G80: =IF($F80="","",IF(ISNUMBER(SEARCH(",",$F80)),"Yes — checks ","Yes — check ")&$F80) | H80: Not run | L80: V07, V08, V09, V10, V11, V17
A81: G8 | B81: G8.02 | C81: R1 published | D81: Published only with zero Blocking failures | E81: Doc 15 §10 | G81: =IF($F81="","",IF(ISNUMBER(SEARCH(",",$F81)),"Yes — checks ","Yes — check ")&$F81) | H81: Not run
A82: G8 | B82: G8.03 | C82: R2 report pass | D82: Checks 7, 8, 15 and 17 recorded for R2 in Reports covered; 9 updated from Page 2 | E82: Doc 15 §10 | F82: 7, 8, 9, 15, 17 | G82: =IF($F82="","",IF(ISNUMBER(SEARCH(",",$F82)),"Yes — checks ","Yes — check ")&$F82) | H82: Not run | L82: V07, V08, V09, V15, V17
A83: G8 | B83: G8.04 | C83: R2 published | D83: Published only with zero Blocking failures | E83: Doc 15 §10 | G83: =IF($F83="","",IF(ISNUMBER(SEARCH(",",$F83)),"Yes — checks ","Yes — check ")&$F83) | H83: Not run
A84: G8 | B84: G8.05 | C84: R3 report pass | D84: Checks 7, 8, 16 and 17 recorded for R3 in Reports covered; 14 updated from Page 1 | E84: Doc 15 §10 | F84: 7, 8, 14, 16, 17 | G84: =IF($F84="","",IF(ISNUMBER(SEARCH(",",$F84)),"Yes — checks ","Yes — check ")&$F84) | H84: Not run | L84: V07, V08, V14, V16, V17
A85: G8 | B85: G8.06 | C85: R3 published | D85: Published only with zero Blocking failures | E85: Doc 15 §10 | G85: =IF($F85="","",IF(ISNUMBER(SEARCH(",",$F85)),"Yes — checks ","Yes — check ")&$F85) | H85: Not run
A86: G8 | B86: G8.07 | C86: Doc 22 Run 1 Outcome | D86: Reads PASS — all seventeen recorded (PASSED WITH FAILURES only with a logged Advisory failure) | E86: Doc 22 Run Summary | G86: =IF($F86="","",IF(ISNUMBER(SEARCH(",",$F86)),"Yes — checks ","Yes — check ")&$F86) | H86: Not run
A87: G9 — PACKAGING · Before the final push · doc 25 §3.10
A88: G9 | B88: G9.01 | C88: Doc 00 §14 checklist | D88: Run end to end | E88: Doc 00 §14 | G88: =IF($F88="","",IF(ISNUMBER(SEARCH(",",$F88)),"Yes — checks ","Yes — check ")&$F88) | H88: Not run
A89: G9 | B89: G9.02 | C89: Repository search | D89: No .csv, no key=, no first six characters of the key | E89: Doc 00 §12, §14 | G89: =IF($F89="","",IF(ISNUMBER(SEARCH(",",$F89)),"Yes — checks ","Yes — check ")&$F89) | H89: Not run
A90: G9 | B90: G9.03 | C90: Report PBIP folders | D90: Report definition only, no TMDL — the reports are thin | E90: Doc 00 §14 | G90: =IF($F90="","",IF(ISNUMBER(SEARCH(",",$F90)),"Yes — checks ","Yes — check ")&$F90) | H90: Not run
G91: =IF($F91="","",IF(ISNUMBER(SEARCH(",",$F91)),"Yes — checks ","Yes — check ")&$F91)
G92: =IF($F92="","",IF(ISNUMBER(SEARCH(",",$F92)),"Yes — checks ","Yes — check ")&$F92)
G93: =IF($F93="","",IF(ISNUMBER(SEARCH(",",$F93)),"Yes — checks ","Yes — check ")&$F93)
G94: =IF($F94="","",IF(ISNUMBER(SEARCH(",",$F94)),"Yes — checks ","Yes — check ")&$F94)
G95: =IF($F95="","",IF(ISNUMBER(SEARCH(",",$F95)),"Yes — checks ","Yes — check ")&$F95)
G96: =IF($F96="","",IF(ISNUMBER(SEARCH(",",$F96)),"Yes — checks ","Yes — check ")&$F96)
G97: =IF($F97="","",IF(ISNUMBER(SEARCH(",",$F97)),"Yes — checks ","Yes — check ")&$F97)
G98: =IF($F98="","",IF(ISNUMBER(SEARCH(",",$F98)),"Yes — checks ","Yes — check ")&$F98)
G99: =IF($F99="","",IF(ISNUMBER(SEARCH(",",$F99)),"Yes — checks ","Yes — check ")&$F99)
G100: =IF($F100="","",IF(ISNUMBER(SEARCH(",",$F100)),"Yes — checks ","Yes — check ")&$F100)
G101: =IF($F101="","",IF(ISNUMBER(SEARCH(",",$F101)),"Yes — checks ","Yes — check ")&$F101)
...

Sheet Re-validation Log
A1: Re-validation Log — after the build
A2: One row per event. Choose the Event; What to re-run and the doc 22 Trigger fill in from the Triggers tab. Record the result, and the doc 22 Run ID if the event started a run there.
A4: Date | B4: Event | C4: What changed | D4: What to re-run | E4: Doc 22 Trigger | F4: Result | G4: Doc 22 Run ID | H4: Checked by | I4: Notes
D5: =IF($B5="","",IFERROR(VLOOKUP($B5,Triggers!$A$5:$C$40,2,FALSE),"— not a listed event")) | E5: =IF($B5="","",IFERROR(VLOOKUP($B5,Triggers!$A$5:$C$40,3,FALSE),""))
D6: =IF($B6="","",IFERROR(VLOOKUP($B6,Triggers!$A$5:$C$40,2,FALSE),"— not a listed event")) | E6: =IF($B6="","",IFERROR(VLOOKUP($B6,Triggers!$A$5:$C$40,3,FALSE),""))
D7: =IF($B7="","",IFERROR(VLOOKUP($B7,Triggers!$A$5:$C$40,2,FALSE),"— not a listed event")) | E7: =IF($B7="","",IFERROR(VLOOKUP($B7,Triggers!$A$5:$C$40,3,FALSE),""))
D8: =IF($B8="","",IFERROR(VLOOKUP($B8,Triggers!$A$5:$C$40,2,FALSE),"— not a listed event")) | E8: =IF($B8="","",IFERROR(VLOOKUP($B8,Triggers!$A$5:$C$40,3,FALSE),""))
D9: =IF($B9="","",IFERROR(VLOOKUP($B9,Triggers!$A$5:$C$40,2,FALSE),"— not a listed event")) | E9: =IF($B9="","",IFERROR(VLOOKUP($B9,Triggers!$A$5:$C$40,3,FALSE),""))
D10: =IF($B10="","",IFERROR(VLOOKUP($B10,Triggers!$A$5:$C$40,2,FALSE),"— not a listed event")) | E10: =IF($B10="","",IFERROR(VLOOKUP($B10,Triggers!$A$5:$C$40,3,FALSE),""))
D11: =IF($B11="","",IFERROR(VLOOKUP($B11,Triggers!$A$5:$C$40,2,FALSE),"— not a listed event")) | E11: =IF($B11="","",IFERROR(VLOOKUP($B11,Triggers!$A$5:$C$40,3,FALSE),""))
D12: =IF($B12="","",IFERROR(VLOOKUP($B12,Triggers!$A$5:$C$40,2,FALSE),"— not a listed event")) | E12: =IF($B12="","",IFERROR(VLOOKUP($B12,Triggers!$A$5:$C$40,3,FALSE),""))
D13: =IF($B13="","",IFERROR(VLOOKUP($B13,Triggers!$A$5:$C$40,2,FALSE),"— not a listed event")) | E13: =IF($B13="","",IFERROR(VLOOKUP($B13,Triggers!$A$5:$C$40,3,FALSE),""))
D14: =IF($B14="","",IFERROR(VLOOKUP($B14,Triggers!$A$5:$C$40,2,FALSE),"— not a listed event")) | E14: =IF($B14="","",IFERROR(VLOOKUP($B14,Triggers!$A$5:$C$40,3,FALSE),""))
D15: =IF($B15="","",IFERROR(VLOOKUP($B15,Triggers!$A$5:$C$40,2,FALSE),"— not a listed event")) | E15: =IF($B15="","",IFERROR(VLOOKUP($B15,Triggers!$A$5:$C$40,3,FALSE),""))
D16: =IF($B16="","",IFERROR(VLOOKUP($B16,Triggers!$A$5:$C$40,2,FALSE),"— not a listed event")) | E16: =IF($B16="","",IFERROR(VLOOKUP($B16,Triggers!$A$5:$C$40,3,FALSE),""))
... D300: =IF($B300="","",IFERROR(VLOOKUP($B300,Triggers!$A$5:$C$40,2,FALSE),"— not a listed event")) | E300: =IF($B300="","",IFERROR(VLOOKUP($B300,Triggers!$A$5:$C$40,3,FALSE),""))

Sheet Triggers
A1: Triggers — the events that call for re-validation
A2: Document 25 Table 4.1. The Event list on the Re-validation Log reads from this tab; add a row here to make a new event selectable.
A4: Event | B4: What to re-run | C4: Doc 22 Trigger
A5: A fact table reloads with new data | B5: sql/06 first if the county data moved; then the twelve data checks 1–6, 9–14 | C5: Post fact-table reload
A6: A measure is edited | B6: That folder's closing check; every folder whose Depends on names it; any suite check naming it; then republish | C6: Post measure change
A7: A relationship or model setting changes | B7: Figure 7.1 comparison; check 6; all ten folder closing checks; then the model pass | C7: Ad hoc
A8: RefMappings.xlsx is edited | B8: Check 5; look for Unmapped in slicers; check 3 if IsAggregate changed | C8: Ad hoc
A9: Census changes its category set | B9: Doc 02 §3.4 discovery; update Table 3.1 and RefMappings.xlsx; checks 5 and 3 | C9: Ad hoc
A10: A report visual is added or changed | B10: Checks 7 and 8 on that page; any of 9, 11, 14, 15, 16 it carries; 17 | C10: Post report change
A11: A theme .json is edited | B11: Re-apply the theme; the three theme checks in doc 15 §3.3 | C11: Not recorded in doc 22
A12: The model is republished | B12: First refresh succeeds; check 17 on each report | C12: Pre-publication
A13: Before any push to GitHub | B13: Search for key= and .csv | C13: Not recorded in doc 22
A14: A sql/04, 05 or 06 script is edited | B14: sql/04 to 06 in order; checks 1, 12 and 13; then the rest of the twelve data checks | C14: Ad hoc
A15: A Power Query source query or parameter is edited | B15: Checks 2, 4 and 6; then 3 and 5 | C15: Ad hoc
